[
  {
    "id": 3,
    "date": "2023-06-20T10:15:00",
    "account": 1,
    "title": "Sed vestibulum",
    "description": "Lorem ipsum dolor sit amet, consectetur adipiscing elit. Etiam vehicula pulvinar aliquam. Vestibulum id dolor ornare, aliquet mauris nec, eleifend ipsum. Pellentesque ut ligula lorem. Curabitur ultricies velit tortor, a bibendum justo molestie ut. Donec eget erat id dolor pulvinar lobortis. Sed dictum, purus nec commodo mollis, ipsum eros lobortis risus, sit amet malesuada tellus elit a diam. Integer id massa leo. Duis rutrum condimentum turpis eu commodo. Fusce a velit eu orci pellentesque finibus. Nulla et justo lacus. Integer tristique enim vitae ipsum tincidunt, quis condimentum tellus ultricies. Sed nec molestie tortor.",
    "status": "open"
  },
  {
    "id": 2,
    "date": "2023-05-20T12:28:21",
    "account": 1,
    "title": "Aenean facilisis",
    "description": "Duis lacinia nibh sit amet libero tincidunt, vitae elementum dui tempus. Mauris dui quam, consectetur et elit id, lacinia pharetra turpis. Interdum et malesuada fames ac ante ipsum primis in faucibus. Nullam dapibus ipsum enim, nec lobortis lorem consequat ac. Pellentesque vehicula sit amet massa a aliquet. Cras eget efficitur odio. Fusce laoreet orci rutrum lobortis iaculis. Etiam eget sodales magna.",
    "status": "closed"
  },
  {
    "id": 1,
    "date": "2023-05-18T20:42:51",
    "account": 1,
    "title": "Proin scelerisque",
    "description": "Integer et libero at purus venenatis bibendum. Nulla facilisi. Aliquam tellus augue, gravida egestas maximus ac, tristique id tortor. Proin at nibh tortor. Quisque ut pulvinar quam. Nulla laoreet, ante ut vulputate convallis, turpis odio volutpat lectus, vitae euismod est erat ut orci. Suspendisse molestie quis risus id efficitur. Sed sapien urna, vehicula eget condimentum nec, cursus sed mauris. Phasellus rutrum nunc augue, sit amet convallis dolor lobortis eget. Fusce luctus quam quis lobortis aliquet.",
    "status": "closed"
  },
  {
    "id": 4,
    "date": "2023-06-20T13:13:43",
    "account": 2,
    "title": "Nulla facilisi",
    "description": "Vivamus vitae augue lorem. Maecenas sodales aliquet elit id venenatis. Donec tellus justo, iaculis vitae erat eu, facilisis convallis eros. Suspendisse iaculis, orci eu commodo egestas, purus metus tincidunt lectus, quis sollicitudin justo nisi ut nunc. Aliquam erat volutpat. Etiam quis ex efficitur, aliquam dolor id, tristique turpis. Ut posuere tortor non efficitur facilisis. Praesent at tristique velit, non sodales nibh. Suspendisse at diam fermentum, finibus odio ut, blandit arcu. Cras laoreet pellentesque est, sit amet malesuada justo rutrum quis. Vestibulum lacinia nibh at vestibulum euismod. Proin lacinia risus sit amet lorem facilisis scelerisque.",
    "status": "processing"
  },
  {
    "id": 5,
    "date": "2023-05-18T16:32:11",
    "account": 3,
    "title": "Sed faucibus",
    "description": "Phasellus efficitur vestibulum pharetra. Etiam ut dolor vitae eros convallis mattis. Nam pulvinar, nulla consectetur fermentum ornare, ipsum turpis maximus ante, eu vestibulum nibh ante at sapien. Aliquam erat volutpat. Nam tristique congue nisl sagittis fermentum. Cras ut ultrices turpis, a ultrices libero. Lorem ipsum dolor sit amet, consectetur adipiscing elit. Morbi vitae neque gravida, vulputate odio vel, fermentum urna. Integer luctus lacus et interdum fermentum.",
    "status": "open"
  }
]