[
  {
    "id": 1,
    "title": "Sed vestibulum",
    "profile": 1,
    "active": true,
    "date": "2023-06-26T10:15:00",
    "reason": "Lorem ipsum dolor sit amet, consectetur adipiscing elit. Etiam vehicula pulvinar aliquam. Vestibulum id dolor ornare, aliquet mauris nec, eleifend ipsum. Pellentesque ut ligula lorem. Curabitur ultricies velit tortor, a bibendum justo molestie ut. Donec eget erat id dolor pulvinar lobortis. Sed dictum, purus nec commodo mollis, ipsum eros lobortis risus, sit amet malesuada tellus elit a diam. Integer id massa leo. Duis rutrum condimentum turpis eu commodo. Fusce a velit eu orci pellentesque finibus. Nulla et justo lacus. Integer tristique enim vitae ipsum tincidunt, quis condimentum tellus ultricies. Sed nec molestie tortor."
  },
  {
    "id": 2,
    "title": "Aenean facilisis",
    "profile": 3,
    "active": true,
    "date": "2023-06-24T16:32:11",
    "reason": "Phasellus efficitur vestibulum pharetra. Etiam ut dolor vitae eros convallis mattis. Nam pulvinar, nulla consectetur fermentum ornare, ipsum turpis maximus ante, eu vestibulum nibh ante at sapien. Aliquam erat volutpat. Nam tristique congue nisl sagittis fermentum. Cras ut ultrices turpis, a ultrices libero. Lorem ipsum dolor sit amet, consectetur adipiscing elit. Morbi vitae neque gravida, vulputate odio vel, fermentum urna. Integer luctus lacus et interdum fermentum."
  },
  {
    "id": 3,
    "title": "Phasellus efficitur",
    "profile": 2,
    "active": true,
    "date": "2023-06-21T16:32:11",
    "reason": "Etiam ut dolor vitae eros convallis mattis. Nam pulvinar, nulla consectetur fermentum ornare, ipsum turpis maximus ante, eu vestibulum nibh ante at sapien. Aliquam erat volutpat. Nam tristique congue nisl sagittis fermentum. Cras ut ultrices turpis, a ultrices libero. Lorem ipsum dolor sit amet, consectetur adipiscing elit. Morbi vitae neque gravida, vulputate odio vel, fermentum urna. Integer luctus lacus et interdum fermentum."
  }
]