[
  {
    "id": 1,
    "title": "Morbi malesuada",
    "description": "Cras venenatis mauris sed justo fringilla aliquet. Quisque ultrices metus fringilla lacus aliquam, et dapibus odio tristique. Integer molestie, leo dictum rutrum scelerisque, dolor tellus consequat elit, a porta purus odio sit amet nunc. Sed eleifend vel neque eget posuere. In hac habitasse platea dictumst. Quisque pulvinar elit nec dui venenatis interdum. Suspendisse potenti. Donec vitae neque in orci blandit dictum a in diam. Quisque et imperdiet nulla. Phasellus libero eros, sollicitudin vel auctor eget, bibendum et lectus. Curabitur eu nunc mauris. Suspendisse id efficitur elit. Nulla at sapien non tortor vehicula facilisis sit amet sit amet nibh. Ut non sollicitudin justo. Praesent posuere neque in tincidunt lacinia. Pellentesque tempor, nulla sit amet euismod aliquet, metus dui accumsan leo, sit amet blandit elit odio eu nunc."
  },
  {
    "id": 2,
    "title": "Suspendisse fringilla",
    "description": "Phasellus sit amet hendrerit orci. Sed maximus ante magna, ut auctor ante blandit a. Integer vel diam vel nulla facilisis pretium. Ut pulvinar magna ut erat pharetra aliquet. Suspendisse quis velit eget mauris semper rutrum ut eu massa. Maecenas nec facilisis leo. Duis sit amet turpis gravida, feugiat augue id, ullamcorper metus. Sed ullamcorper augue eget felis dapibus, ut pharetra metus blandit. Proin tempor finibus rutrum. "
  },
  {
    "id": 3,
    "title": "Aenean iaculis",
    "description": "Integer fermentum semper lorem vel vehicula. Suspendisse condimentum efficitur magna, vitae tincidunt dolor sodales eu. Donec tincidunt arcu urna, vitae auctor tortor pretium id. Curabitur sed velit eu mi consequat ultrices at et ipsum. Duis eu egestas est, at dignissim libero. Donec semper lacus magna, a fringilla purus auctor non. In in volutpat ipsum, ut aliquam nibh. Quisque mollis quam euismod, efficitur libero a, venenatis nibh. Curabitur vel magna ultrices, gravida lorem vitae, tincidunt risus. Duis tortor arcu, interdum a commodo ac, dignissim et orci. Integer dictum lectus et pharetra ultricies. Aenean eget erat metus. "
  },
  {
    "id": 4,
    "title": "Sed non",
    "description": "Nulla nisl orci, consequat nec volutpat ac, elementum a tortor. Donec luctus, tellus a condimentum gravida, augue lorem auctor ex, eleifend semper purus tortor ut lorem. Mauris in neque auctor, bibendum quam non, porta augue. Proin a mi condimentum, sodales ipsum id, elementum nisi. Vivamus placerat consectetur dapibus. Vestibulum euismod ex sed mauris pulvinar cursus. Pellentesque volutpat viverra sodales. Quisque feugiat facilisis lacus, vitae porttitor velit aliquet ac. Donec porta nunc diam, vel faucibus sem malesuada quis. Quisque suscipit erat in ultricies facilisis. Nulla dapibus odio id felis euismod aliquam. Vivamus tempus efficitur iaculis. "
  },
  {
    "id": 5,
    "title": "Duis et",
    "description": "Fusce id dui molestie, bibendum est vel, rutrum diam. Aenean ut luctus ex. Praesent et risus ac purus commodo ullamcorper a nec dolor. Morbi pretium orci vel congue suscipit. Proin neque libero, tempor eget euismod at, efficitur at urna. Nullam sed erat massa. Donec tincidunt metus tristique neque pellentesque dignissim vitae sit amet libero. Vivamus a blandit purus. Suspendisse ac nulla venenatis, pretium sem nec, convallis leo. Donec sed blandit purus, vel tristique elit. Curabitur vestibulum tincidunt sapien in sagittis. Pellentesque risus nulla, cursus eu nibh hendrerit, fringilla mollis nulla. Curabitur nec facilisis metus. Sed tempus euismod eleifend. "
  },
  {
    "id": 6,
    "title": "Donec gravida",
    "description": "Fusce eleifend sed urna posuere malesuada. Nulla in augue id felis ultricies pellentesque. Donec eu odio finibus, commodo magna id, ullamcorper massa. Donec varius mollis turpis, quis interdum urna ullamcorper id. Donec vitae vehicula nunc. Phasellus sit amet neque pulvinar, sodales tellus finibus, posuere augue. Fusce sapien ante, pretium non urna in, mollis posuere quam. Nullam iaculis ex massa. Phasellus commodo dictum felis. Quisque rhoncus ullamcorper risus. Mauris a pulvinar diam. Integer sit amet facilisis neque. "
  },
  {
    "id": 7,
    "title": "Quisque malesuada",
    "description": "Sed aliquam augue et risus blandit fringilla. Integer ornare egestas sem vitae consectetur. Suspendisse vitae elementum elit. Praesent non imperdiet nulla, quis ultrices nunc. Orci varius natoque penatibus et magnis dis parturient montes, nascetur ridiculus mus. Phasellus vel euismod nunc. Curabitur dignissim ultrices leo. Maecenas eget luctus justo, id fermentum odio. In ultricies mauris sed dolor interdum, ac sodales nisl pharetra. Fusce vel hendrerit massa. Fusce elit arcu, ornare a vehicula ac, hendrerit vel tortor. Maecenas vitae faucibus eros. Etiam at augue lectus. Cras facilisis, augue ut auctor accumsan, lacus ipsum facilisis est, interdum dapibus massa est eu nibh. "
  },
  {
    "id": 8,
    "title": "Pellentesque venenatis",
    "description": "Curabitur vitae condimentum tellus. Nullam cursus nunc non odio porttitor ornare. Integer a laoreet arcu. In ut nulla vel massa tempus dapibus a at ipsum. Quisque fringilla neque turpis, ac fringilla felis elementum quis. Nullam vestibulum turpis lacus, id ultricies turpis vulputate quis. Suspendisse ipsum dui, viverra condimentum mattis sed, ultricies vel ex. Ut elementum interdum felis sit amet imperdiet. Aliquam tincidunt lectus vel tincidunt convallis. Duis consequat auctor eros, sit amet varius orci semper sodales. "
  },
  {
    "id": 9,
    "title": "Vestibulum nulla",
    "description": "Aliquam non pellentesque libero. Sed pharetra semper turpis non vulputate. Donec condimentum libero tincidunt, vulputate enim in, volutpat erat. Fusce sed tristique justo, vestibulum rutrum purus. Nam vel erat venenatis, venenatis nisl sit amet, ornare magna. Sed sollicitudin sollicitudin arcu, id ultrices eros scelerisque nec. Suspendisse vestibulum lacus metus, vel molestie leo sagittis sed. Interdum et malesuada fames ac ante ipsum primis in faucibus. Quisque lacinia justo ac mauris vehicula, vitae condimentum purus luctus. Integer finibus eros elit, sit amet laoreet lorem tristique nec. "
  },
  {
    "id": 10,
    "title": "Sed eu",
    "description": "Aliquam sollicitudin, dui eu ullamcorper consectetur, tellus quam cursus ligula, pulvinar pharetra velit odio nec tellus. Nunc semper vel lacus sed placerat. Vestibulum a elit vitae nulla mollis blandit nec feugiat dui. Etiam luctus nisi vel mauris rhoncus vulputate ut ac lorem. Phasellus tincidunt turpis quam, quis ornare urna porttitor at. Cras eu efficitur nunc. Pellentesque eget mollis erat. Ut sed metus ut nisi tincidunt vehicula. Nullam ornare felis quis lectus facilisis euismod. Quisque vel semper leo, non imperdiet justo. Etiam rhoncus sit amet velit in aliquet. Etiam vitae mi fringilla enim commodo malesuada sed elementum ex. Donec felis mi, eleifend id elementum vitae, iaculis in magna. Mauris iaculis lacinia elit in pellentesque. "
  }
]